adjective;young
alphabet;V
alphabet;W
alphabet;X
animal;vulture
animal;wolf
animal;yak
animal;zebra
christmas;turkey
christmas;wreath
classroom;water bottle
classroom;whiteboard
clothing;waist coat
clothing;wallet
clothing;wellington boots
clothing;winter hat
color;turquoise
color;white
color;yellow
day;tuesday
day;wednesday
drink;water
drink;wine
food;waffles
food;yogurt
fruit;watermelon
halloween;vampire
halloween;werewolf
halloween;witch
halloween;zombie
kitchen;toaster
kitchen;whisk
kitchen;wooden spoon
living-room;telephone
living-room;vase
living-room;window
occupations;train driver
occupations;veterinarian
occupations;waiter
occupations;welder
place;zoo
planet;Uranus
planet;Venus
plant;tree roots
plant;wind
playground;tunnel
playground;zipline
season;winter
shape;triangle
sports;volleyball
toy;toy car
toy;toy dinosaur
toy;toy truck
toy;videogame
transportation;UFO
transportation;tricycle
transportation;unicycle
verb;wash
verb;watch
verb;write
weather;windy